fid,geom,featurecla,name,namepar,namealt,nameascii,capin,sov0name,sov_a3,adm0name,adm0_a3,adm1name,note,pop_max,pop_min,pop_other,meganame,ls_name,date,start,end,boolean
1,POINT (12.4533865 41.9032822),Admin-0 capital,Vatican City,,,Vatican City,,Vatican,VAT,Vatican,VAT,Lazio,,832,832,562430,,Vatican City,,,,
2,POINT (12.4417702 43.9360958),Admin-0 capital,San Marino,,,San Marino,,San Marino,SMR,San Marino,SMR,,,29579,29000,0,,San Marino,,,,
3,POINT (9.5166695 47.1337238),Admin-0 capital,Vaduz,,,Vaduz,,Liechtenstein,LIE,Liechtenstein,LIE,,,36281,5342,33009,,Vaduz,,,,
4,POINT (31.1999971 -26.4666675),Admin-0 capital alt,Lobamba,,,Lobamba,Legislative and,eSwatini,SWZ,eSwatini,SWZ,Manzini,,9782,4557,0,,Lobamba,,,,
5,POINT (6.1300028 49.6116604),Admin-0 capital,Luxembourg,,,Luxembourg,,Luxembourg,LUX,Luxembourg,LUX,Luxembourg,,107260,76684,106219,,Luxembourg,,,,
6,POINT (158.1499743 6.9166437),Admin-0 capital,Palikir,,,Palikir,,Federated States of Micronesia,FSM,Federated States of Micronesia,FSM,,,4645,4645,0,,Palikir,,,,
7,POINT (171.3800002 7.1030043),Admin-0 capital,Majuro,,,Majuro,,Marshall Islands,MHL,Marshall Islands,MHL,,,25400,20500,0,,Majuro,,,,
8,POINT (179.2166471 -8.516652),Admin-0 capital,Funafuti,,,Funafuti,,Tuvalu,TUV,Tuvalu,TUV,,,4749,4749,0,,Funafuti,,,,
9,POINT (134.6265485 7.4873962),Admin-0 capital,Melekeok,,,Melekeok,,Palau,PLW,Palau,PLW,,,7026,7026,0,,Melekeok,,,,
10,POINT (-9.6525222 26.1191667),Admin-0 capital alt,Bir Lehlou,,,Bir Lehlou,Claimed as inte,Western Sahara,SAH,Western Sahara,SAH,,,500,200,0,,,,,,
11,POINT (7.4069132 43.7396457),Admin-0 capital,Monaco,,,Monaco,,Monaco,MCO,Monaco,MCO,,,36371,36371,102371,,Monaco,,,,
12,POINT (173.0175708 1.3381875),Admin-0 capital,Tarawa,,,Tarawa,,Kiribati,KIR,Kiribati,KIR,,,28802,22534,0,,Tarawa,,,,
13,POINT (43.2402441 -11.7041577),Admin-0 capital,Moroni,,,Moroni,,Comoros,COM,Comoros,COM,,,128698,42872,0,,Moroni,,,,
14,POINT (1.516486 42.5000014),Admin-0 capital,Andorra,,,Andorra,,Andorra,AND,Andorra,AND,,,53998,22256,53371,,Andorra,,,,
15,POINT (-61.5170309 10.6519971),Admin-0 capital,Port-of-Spain,,,Port-of-Spain,,Trinidad and Tobago,TTO,Trinidad and Tobago,TTO,Port of Spain,,294934,49031,419082,,Port-of-Spain,,,,
16,POINT (30.0585859 -1.9516442),Admin-0 capital,Kigali,,,Kigali,,Rwanda,RWA,Rwanda,RWA,Kigali City,,860000,745261,1152904,Kigali,Kigali,,,,
17,POINT (31.1333345 -26.3166508),Admin-0 capital,Mbabane,,,Mbabane,Administrative,eSwatini,SWZ,eSwatini,SWZ,Hhohho,,90138,76218,89979,,Mbabane,,,,
18,POINT (31.5800256 4.8299752),Admin-0 capital,Juba,,,Juba,,South Sudan,SSD,South Sudan,SSD,Central Equatoria,,111975,111975,111975,,Juba,,,,
19,POINT (4.2699613 52.0800368),Admin-0 capital alt,The Hague,,,The Hague,"Official, legis",Kingdom of the Netherlands,NLD,Netherlands,NLD,Zuid-Holland,,1406000,501725,688599,,The Hague,,,,
20,POINT (14.514969 46.0552883),Admin-0 capital,Ljubljana,,,Ljubljana,,Slovenia,SVN,Slovenia,SVN,Osrednjeslovenska,,314807,255115,256316,,Ljubljana,,,,
21,POINT (17.1169808 48.1500183),Admin-0 capital,Bratislava,,,Bratislava,,Slovakia,SVK,Slovakia,SVK,Bratislavský,,423737,373687,361489,,Bratislava,,,,
22,POINT (51.5329679 25.286556),Admin-0 capital,Doha,,,Doha,,Qatar,QAT,Qatar,QAT,Ad Dawhah,,1450000,731310,0,,Doha,,,,
23,POINT (19.2663069 42.4659725),Admin-0 capital,Podgorica,,,Podgorica,,Montenegro,MNE,Montenegro,MNE,Podgorica,,145850,136473,0,,Podgorica,,,,
24,POINT (79.949993 6.9000039),Admin-0 capital alt,Sri Jawewardenepura Kotte,,,Sri Jawewardenepura Kotte,Legislative cap,Sri Lanka,LKA,Sri Lanka,LKA,Colombo,,115826,115826,2456292,,Kotte,,,,
25,POINT (120.5699426 16.4299907),Admin-0 capital alt,Baguio City,,,Baguio City,,Philippines,PHL,Philippines,PHL,Benguet,,447824,272714,164877,,Baguio City,,,,
26,POINT (35.7500036 -6.1833061),Admin-0 capital alt,Dodoma,,,Dodoma,Offical capital,United Republic of Tanzania,TZA,Tanzania,TZA,Dodoma,,218269,180541,0,,Dodoma,,,,
27,POINT (7.4669755 46.9166828),Admin-0 capital,Bern,,,Bern,,Switzerland,CHE,Switzerland,CHE,Bern,,275329,121631,267814,,Bern,,,,
28,POINT (-13.2000059 27.1499823),Admin-0 capital alt,Laayoune,,,Laayoune,Claimed as capi,Morocco,MAR,Morocco,MAR,Laâyoune - Boujdour - Sakia El Hamra,,188084,176365,176365,,Laayoune,,,,
29,POINT (21.1659843 42.6667096),Admin-0 capital,Pristina,,,Pristina,,Kosovo,KOS,Kosovo,KOS,Pristina,,465186,198214,261783,,Pristina,,,,
30,POINT (-61.387013 15.3010156),Admin-0 capital,Roseau,,,Roseau,,Dominica,DMA,Dominica,DMA,Saint George,,23336,16571,23336,,Roseau,,,,
31,POINT (43.1480017 11.5950145),Admin-0 capital,Djibouti,,,Djibouti,,Djibouti,DJI,Djibouti,DJI,Djibouti,,923000,604013,335001,,Djibouti,,,,
32,POINT (101.701947 2.9140198),Admin-0 capital alt,Putrajaya,,,Putrajaya,Administrative,Malaysia,MYS,Malaysia,MYS,Selangor,,67964,50000,956431,,Putrajaya,,,,
33,POINT (135.7480521 35.0319381),Admin-0 capital alt,Kyoto,,,Kyoto,Official capita,Japan,JPN,Japan,JPN,Kyoto,,1805000,1459640,1827367,Kyoto,Kyoto,,,,
34,POINT (-16.5917015 13.4538765),Admin-0 capital,Banjul,,,Banjul,,"Gambia, The",GMB,The Gambia,GMB,Banjul,,43094,34589,581300,,Banjul,,,,
35,POINT (21.4334615 42.0000061),Admin-0 capital,Skopje,,,Skopje,,North Macedonia,MKD,North Macedonia,MKD,Centar,,494087,474889,491890,,Skopje,,,,
36,POINT (-59.6165267 13.1020026),Admin-0 capital,Bridgetown,,,Bridgetown,,Barbados,BRB,Barbados,BRB,Saint Michael,,191152,96578,191814,,Bridgetown,,,,
37,POINT (2.6166255 6.483311),Admin-0 capital alt,Porto-Novo,,,Porto-Novo,Official capita,Benin,BEN,Benin,BEN,Ouémé,,300000,234168,806945,,Porto-Novo,,,,
38,POINT (29.3600061 -3.3760872),Admin-0 capital,Bujumbura,,,Bujumbura,,Burundi,BDI,Burundi,BDI,Bujumbura Mairie,,331700,331700,1208361,,Bujumbura,,,,
39,POINT (-61.2120624 13.1482788),Admin-0 capital,Kingstown,,,Kingstown,,Saint Vincent and the Grenadines,VCT,Saint Vincent and the Grenadines,VCT,,,49485,24518,0,,Kingstown,,,,
40,POINT (-61.0000082 14.0019735),Admin-0 capital,Castries,,,Castries,,Saint Lucia,LCA,Saint Lucia,LCA,,,37963,10634,0,,Castries,,,,
41,POINT (-62.7170093 17.3020305),Admin-0 capital,Basseterre,,,Basseterre,,Saint Kitts and Nevis,KNA,Saint Kitts and Nevis,KNA,,,21887,15500,21887,,Basseterre,,,,
42,POINT (57.4999939 -20.1666386),Admin-0 capital,Port Louis,,,Port Louis,,Mauritius,MUS,Mauritius,MUS,,,595491,148416,304613,,Port Louis,,,,
43,POINT (-61.7416432 12.0526334),Admin-0 capital,Saint George's,,,Saint George's,,Grenada,GRD,Grenada,GRD,,,33734,27343,27343,,Saint Georgee۪s,,,,
44,POINT (50.5830517 26.2361363),Admin-0 capital,Manama,,,Manama,,Bahrain,BHR,Bahrain,BHR,,,563920,157474,563666,,Manama,,,,
45,POINT (-61.8500338 17.1180365),Admin-0 capital,Saint John's,,,Saint John's,,Antigua and Barbuda,ATG,Antigua and Barbuda,ATG,,,35499,24226,0,,Saint John's,,,,
46,POINT (-56.1729981 -34.8560957),Admin-0 capital,Montevideo,,,Montevideo,,Uruguay,URY,Uruguay,URY,Montevideo,,1513000,5324,1276128,Montevideo,Montevideo,,,,
47,POINT (1.2208113 6.1338829),Admin-0 capital,Lomé,,Lome,Lome,,Togo,TGO,Togo,TGO,Maritime,,1452000,749700,1256715,Lomi,Lome,,,,
48,POINT (10.1796781 36.8027781),Admin-0 capital,Tunis,,,Tunis,,Tunisia,TUN,Tunisia,TUN,Tunis,,2412500,728453,1675117,,Tunis,,,,
49,POINT (54.3665934 24.4666836),Admin-0 capital,Abu Dhabi,,,Abu Dhabi,,United Arab Emirates,ARE,United Arab Emirates,ARE,Abu Dhabi,,603492,560230,560230,,Abu Dhabi,,,,
50,POINT (58.3832991 37.9499949),Admin-0 capital,Ashgabat,,,Ashgabat,,Turkmenistan,TKM,Turkmenistan,TKM,Ahal,,727700,577982,556048,,Ashgabat,,,,
51,POINT (28.2813817 -15.4146984),Admin-0 capital,Lusaka,,,Lusaka,,Zambia,ZMB,Zambia,ZMB,Lusaka,,1328000,1267440,1240558,Lusaka,Lusaka,,,,
52,POINT (31.0427636 -17.8158438),Admin-0 capital,Harare,,,Harare,,Zimbabwe,ZWE,Zimbabwe,ZWE,Harare,,1572000,1542813,1831877,Harare,Harare,,,,
53,POINT (125.5794559 -8.5593884),Admin-0 capital,Dili,,,Dili,,East Timor,TLS,East Timor,TLS,Dili,,234331,193563,55154,,Dili,,,,
54,POINT (168.3166406 -17.7333504),Admin-0 capital,Port Vila,,,Port Vila,,Vanuatu,VUT,Vanuatu,VUT,Shefa,,44040,35901,7702,,Port-Vila,,,,
55,POINT (-87.2194752 14.1039908),Admin-0 capital,Tegucigalpa,,,Tegucigalpa,,Honduras,HND,Honduras,HND,Francisco Morazán,,946000,850848,1014546,Tegucigalpa,Tegucigalpa,,,,
56,POINT (-58.1670286 6.8019737),Admin-0 capital,Georgetown,,,Georgetown,,Guyana,GUY,Guyana,GUY,East Berbice-Corentyne,,264350,235017,264350,,Georgetown1,,,,
57,POINT (-21.9500145 64.1500236),Admin-0 capital,Reykjavík,,,Reykjavik,,Iceland,ISL,Iceland,ISL,Suðurnes,,166212,113906,160116,,Reykjavik,,,,
58,POINT (-72.3379804 18.5429705),Admin-0 capital,Port-au-Prince,,,Port-au-Prince,,Haiti,HTI,Haiti,HTI,Ouest,,1998000,1234742,2385397,Port-au-Prince,Port-au-Prince,,,,
59,POINT (32.5813777 0.3186048),Admin-0 capital,Kampala,,,Kampala,,Uganda,UGA,Uganda,UGA,Kampala,,1420000,1353189,2153702,Kampala,Kampala,,,,
60,POINT (-55.1670309 5.8350301),Admin-0 capital,Paramaribo,,,Paramaribo,,Suriname,SUR,Suriname,SUR,Paramaribo,,254169,223757,248161,,Paramaribo,,,,
61,POINT (2.1147102 13.5186518),Admin-0 capital,Niamey,,,Niamey,,Niger,NER,Niger,NER,Niamey,,915000,742791,715325,Niamey,Niamey,,,,
62,POINT (68.7738794 38.5600352),Admin-0 capital,Dushanbe,,,Dushanbe,,Tajikistan,TJK,Tajikistan,TJK,Tadzhikistan Territories,,1086244,679400,1081361,,Dushanbe,,,,
63,POINT (-57.643451 -25.2944571),Admin-0 capital,Asunción,,Asuncion,Asuncion,,Paraguay,PRY,Paraguay,PRY,Asunción,,1870000,11693,636771,Asuncian,Asuncion,,,,
64,POINT (-86.2704375 12.1549624),Admin-0 capital,Managua,,,Managua,,Nicaragua,NIC,Nicaragua,NIC,Managua,,920000,920000,1088194,Managua,Managua,,,,
65,POINT (-13.2361616 8.4719573),Admin-0 capital,Freetown,,,Freetown,,Sierra Leone,SLE,Sierra Leone,SLE,Western,,827000,13768,1074640,Freetown,Freetown,,,,
66,POINT (73.0806301776482 33.6893684837071),Admin-0 capital,Islamabad,,,Islamabad,,Pakistan,PAK,Pakistan,PAK,F.C.T.,,780000,601600,893673,Islamabad,Islamabad,,,,
67,POINT (85.3146964 27.7186378),Admin-0 capital,Kathmandu,,,Kathmandu,,Nepal,NPL,Nepal,NPL,Bhaktapur,,895000,895000,1099610,Kathmandu,Kathmandu,,,,
68,POINT (26.2299129 -29.1199939),Admin-0 capital,Bloemfontein,,,Bloemfontein,Judicial capita,South Africa,ZAF,South Africa,ZAF,Orange Free State,,463064,456669,456513,,Bloemfontein,,,,
69,POINT (28.2274832 -25.7049747),Admin-0 capital,Pretoria,,,Pretoria,Administrative,South Africa,ZAF,South Africa,ZAF,Gauteng,,1338000,1338000,1443084,Pretoria,Pretoria,,,,
70,POINT (147.1925036 -9.4647078),Admin-0 capital,Port Moresby,,,Port Moresby,,Papua New Guinea,PNG,Papua New Guinea,PNG,Central,,283733,251136,251304,,Port Moresby,,,,
71,POINT (159.9497657 -9.4379943),Admin-0 capital,Honiara,,,Honiara,,Solomon Islands,SLB,Solomon Islands,SLB,Guadalcanal,,76328,56298,76328,,Honiara,,,,
72,POINT (-79.534983 8.969963),Admin-0 capital,Panama City,,Ciudad de Panam|Panama,Panama City,,Panama,PAN,Panama,PAN,Panama,,1281000,408168,939725,Ciudad de Panam,Panama City1,,,,
73,POINT (-6.8364082 34.0253073),Admin-0 capital,Rabat,,,Rabat,,Morocco,MAR,Morocco,MAR,Rabat - Salé - Zemmour - Zaer,,1705000,1655753,2029349,Rabat,Rabat,,,,
74,POINT (28.8577111 47.0050236),Admin-0 capital,Chișinău,,,Chisinau,,Moldova,MDA,Moldova,MDA,Chisinau,,688134,635994,664472,,Chisinau,,,,
75,POINT (32.5872171 -25.9533316),Admin-0 capital,Maputo,,,Maputo,,Mozambique,MOZ,Mozambique,MOZ,Maputo,,1446000,1191613,1365454,Maputo,Maputo,,,,
76,POINT (45.3647318 2.0686272),Admin-0 capital,Mogadishu,,Muqdisho,Mogadishu,,Somalia,SOM,Somalia,SOM,Banaadir,,1100000,875388,849392,Muqdisho,Mogadishu,,,,
77,POINT (58.5933121 23.6133248),Admin-0 capital,Muscat,,,Muscat,,Oman,OMN,Oman,OMN,Muscat,,734697,586861,586861,,Muscat,,,,
78,POINT (79.8577506 6.9319658),Admin-0 capital,Colombo,,,Colombo,"De facto, admin",Sri Lanka,LKA,Sri Lanka,LKA,Colombo,,217000,217000,2490974,,Colombo,,,,
79,POINT (106.9146699 47.9186193),Admin-0 capital,Ulaanbaatar,,,Ulaanbaatar,,Mongolia,MNG,Mongolia,MNG,Ulaanbaatar,,885000,769612,765359,Ulaanbaatar,Ulaanbaatar,,,,
80,POINT (17.0835461 -22.5700061),Admin-0 capital,Windhoek,,,Windhoek,,Namibia,NAM,Namibia,NAM,Khomas,,268132,262796,262796,,Windhoek,,,,
81,POINT (7.5313821 9.085279),Admin-0 capital,Abuja,,,Abuja,Official and ad,Nigeria,NGA,Nigeria,NGA,Federal Capital Territory,,1576000,162135,0,Abuja,Abuja,,,,
82,POINT (-15.5983608 11.8650238),Admin-0 capital,Bissau,,,Bissau,,Guinea Bissau,GNB,Guinea Bissau,GNB,Bissau,,403339,388028,403339,,Bissau,,,,
83,POINT (35.9313541 31.9519711),Admin-0 capital,Amman,,,Amman,,Jordan,JOR,Jordan,JOR,Amman,,1060000,1060000,2633729,Amman,Amman,,,,
84,POINT (25.3166353 54.6833663),Admin-0 capital,Vilnius,,,Vilnius,,Lithuania,LTU,Lithuania,LTU,Vilniaus,,542366,507029,494356,,Vilnius,,,,
85,POINT (24.0999654 56.9500238),Admin-0 capital,Riga,,,Riga,,Latvia,LVA,Latvia,LVA,Riga,,742572,705033,0,,Riga,,,,
86,POINT (74.5832584 42.8750253),Admin-0 capital,Bishkek,,,Bishkek,,Kyrgyzstan,KGZ,Kyrgyzstan,KGZ,Bishkek,,837000,804212,781714,Bishkek,Bishkek,,,,
87,POINT (27.4832731 -29.3166744),Admin-0 capital,Maseru,,,Maseru,,Lesotho,LSO,Lesotho,LSO,Maseru,,361324,118355,356225,,Maseru,,,,
88,POINT (47.514678 -18.9146915),Admin-0 capital,Antananarivo,,,Antananarivo,,Madagascar,MDG,Madagascar,MDG,Antananarivo,,1697000,1391433,1844658,Antananarivo,Antananarivo,,,,
89,POINT (-78.501997 -0.2130423),Admin-0 capital,Quito,,,Quito,,Ecuador,ECU,Ecuador,ECU,Pichincha,,1701000,1399814,1435528,Quito,Quito,,,,
90,POINT (-84.0859972 9.9369583),Admin-0 capital,San José,,San Jose,San Jose,,Costa Rica,CRI,Costa Rica,CRI,San José,,1284000,1724,1434681,San Josi,San Jose1,,,,
91,POINT (-89.2049871 13.7119475),Admin-0 capital,San Salvador,,,San Salvador,,El Salvador,SLV,El Salvador,SLV,San Salvador,,1433000,2807,2139587,San Salvador,San Salvador,,,,
92,POINT (-76.7674337 17.9770766),Admin-0 capital,Kingston,,,Kingston,,Jamaica,JAM,Jamaica,JAM,Kingston,,937700,664973,18171,,Kingston1,,,,
93,POINT (15.0472025 12.1150424),Admin-0 capital,Ndjamena,,N'Djamnna,Ndjamena,,Chad,TCD,Chad,TCD,Hadjer-Lamis,,989000,681387,686347,N'Djam-na,Ndjamena,,,,
94,POINT (8.7832775 3.7500153),Admin-0 capital,Malabo,,,Malabo,,Equatorial Guinea,GNQ,Equatorial Guinea,GNQ,Bioko Norte,,155963,155963,0,,Malabo,,,,
95,POINT (38.9333235 15.3333393),Admin-0 capital,Asmara,,,Asmara,,Eritrea,ERI,Eritrea,ERI,Anseba,,620802,563930,587094,,Asmara,,,,
96,POINT (15.9999947 45.8000067),Admin-0 capital,Zagreb,,,Zagreb,,Croatia,HRV,Croatia,HRV,Grad Zagreb,,722526,698966,690638,,Zagreb,,,,
97,POINT (24.7280407 59.4338774),Admin-0 capital,Tallinn,,,Tallinn,,Estonia,EST,Estonia,EST,Harju,,394024,340027,317949,,Tallinn,,,,
98,POINT (33.783302 -13.9832951),Admin-0 capital,Lilongwe,,,Lilongwe,,Malawi,MWI,Malawi,MWI,Lilongwe,,646750,646750,1061388,,Lilongwe,,,,
99,POINT (-90.5289114 14.6230805),Admin-0 capital,Guatemala,,Ciudad de Guatemala (Guatemala City),Guatemala,,Guatemala,GTM,Guatemala,GTM,Guatemala,,1024000,994938,2391150,Ciudad de Guatemala (Guatemala City),Guatemala,,,,
100,POINT (9.457965 0.3853886),Admin-0 capital,Libreville,,,Libreville,,Gabon,GAB,Gabon,GAB,Estuaire,,578156,483355,483522,,Libreville,,,,
101,POINT (178.4417073 -18.1330159),Admin-0 capital,Suva,,,Suva,,Fiji,FJI,Fiji,FJI,Central,,175399,88271,0,,Suva,,,,
102,POINT (-71.6229595 -33.0458186),Admin-0 capital alt,Valparaíso,,Valparaiso,Valparaiso,Legislative cap,Chile,CHL,Chile,CHL,Valparaíso,,854000,15938,130815,Valpara so,Valparaiso2,,,,
103,POINT (-15.9753404 18.086427),Admin-0 capital,Nouakchott,,,Nouakchott,,Mauritania,MRT,Mauritania,MRT,Nouakchott,,742144,661400,742144,,Nouakchott,,,,
104,POINT (-8.001985 12.6519605),Admin-0 capital,Bamako,,,Bamako,,Mali,MLI,Mali,MLI,Bamako,,1494000,1297281,1301407,Bamako,Bamako,,,,
105,POINT (35.5077624 33.873921),Admin-0 capital,Beirut,,Bayrut,Beirut,,Lebanon,LBN,Lebanon,LBN,Beirut,,1846000,1712125,1661980,Bayrut,Beirut,,,,
106,POINT (44.7888496 41.7269558),Admin-0 capital,Tbilisi,,T'Bilisi,Tbilisi,,Georgia,GEO,Georgia,GEO,Tbilisi,,1100000,1005257,977179,Tbilisi,Tbilisi,,,,
107,POINT (71.4277742 51.1811253),Admin-0 capital,Astana,,,Astana,,Kazakhstan,KAZ,Kazakhstan,KAZ,Aqmola,,345604,325021,317445,,Astana,,,,
108,POINT (102.59998 17.9666927),Admin-0 capital,Vientiane,,,Vientiane,,Laos,LAO,Laos,LAO,Vientiane [prefecture],,754000,570348,469811,,Vientiane,,,,
109,POINT (15.2827436 -4.2572399),Admin-0 capital,Brazzaville,,,Brazzaville,,Congo (Brazzaville),COG,Congo (Brazzaville),COG,Pool,,1355000,1163890,1174778,Brazzaville,Brazzaville,,,,
110,POINT (-13.6821809 9.5334687),Admin-0 capital,Conakry,,,Conakry,,Guinea,GIN,Guinea,GIN,Conakry,,1494000,1494000,1498020,Conakry,Conakry,,,,
111,POINT (-5.2755026 6.818381),Admin-0 capital,Yamoussoukro,,,Yamoussoukro,Official capita,Ivory Coast,CIV,Ivory Coast,CIV,Lacs,,206499,194530,206499,,Yamoussoukro,,,,
112,POINT (-75.7019612 45.4186427),Admin-0 capital,Ottawa,,Ottawa-Gatineau,Ottawa,,Canada,CAN,Canada,CAN,Ontario,,1145000,812129,872781,Ottawa-Gatineau,Ottawa,,,,
113,POINT (20.4660448 44.8205913),Admin-0 capital,Belgrade,Beograd,,Belgrade,,Republic of Serbia,SRB,Serbia,SRB,Grad Beograd,,1099000,1099000,1271541,Beograd,Belgrade,,,,
114,POINT (114.9332841 4.8833311),Admin-0 capital,Bandar Seri Begawan,,,Bandar Seri Begawan,,Brunei,BRN,Brunei,BRN,Brunei and Muara,,296500,140000,222513,,Bandar Seri Begawan,,,,
115,POINT (-65.2595156 -19.0409708),Admin-0 capital,Sucre,,,Sucre,Official (const,Bolivia,BOL,Bolivia,BOL,Chuquisaca,,224838,221736,221736,,Sucre,,,,
116,POINT (-88.767073 17.2520335),Admin-0 capital,Belmopan,,,Belmopan,,Belize,BLZ,Belize,BLZ,Cayo,,15220,13381,15220,,Belmopan,,,,
117,POINT (18.5582881 4.3666443),Admin-0 capital,Bangui,,,Bangui,,Central African Republic,CAF,Central African Republic,CAF,Bangui,,831925,622771,782274,,Bangui,,,,
118,POINT (11.5147049 3.8686465),Admin-0 capital,Yaounde,,Yaounde,Yaounde,,Cameroon,CMR,Cameroon,CMR,Centre,,1611000,1060587,1060747,Yaound,Yaounde,,,,
119,POINT (19.818883 41.3275407),Admin-0 capital,Tirana,,,Tirana,,Albania,ALB,Albania,ALB,Durrës,,895350,421286,517792,,Tirana,,,,
120,POINT (44.5116055 40.1830966),Admin-0 capital,Yerevan,,,Yerevan,,Armenia,ARM,Armenia,ARM,Erevan,,1102000,1093485,1154748,Yerevan,Yerevan,,,,
121,POINT (49.8602713 40.3972179),Admin-0 capital,Baku,,,Baku,,Azerbaijan,AZE,Azerbaijan,AZE,Baki,,2122300,1892000,1518801,Baku,Baku,,,,
122,POINT (104.9146886 11.551976),Admin-0 capital,Phnom Penh,,Phnum Penh,Phnom Penh,,Cambodia,KHM,Cambodia,KHM,Phnom Penh,,1466000,1466000,1604086,Phnum Penh,Phnom Penh,,,,
123,POINT (-68.151931 -16.4960278),Admin-0 capital,La Paz,,,La Paz,Administrative,Bolivia,BOL,Bolivia,BOL,La Paz,,1590000,812799,4400,La Paz,La Paz3,,,,
124,POINT (2.5180447 6.4019544),Admin-0 capital,Cotonou,,,Cotonou,"De facto, admin",Benin,BEN,Benin,BEN,Ouémé,,762000,690584,1060640,Cotonou,Cotonou,,,,
125,POINT (23.3147082 42.6852953),Admin-0 capital,Sofia,,,Sofia,,Bulgaria,BGR,Bulgaria,BGR,Grad Sofiya,,1185000,874827,871735,Sofia,Sofia,,,,
126,POINT (27.5646813 53.9019233),Admin-0 capital,Minsk,,,Minsk,,Belarus,BLR,Belarus,BLR,Minsk,,1805000,1577138,1557919,Minsk,Minsk,,,,
127,POINT (89.639014 27.4729859),Admin-0 capital,Thimphu,,,Thimphu,,Bhutan,BTN,Bhutan,BTN,Thimphu,,98676,79185,0,,Thimphu,,,,
128,POINT (25.9119478 -24.6463135),Admin-0 capital,Gaborone,,,Gaborone,,Botswana,BWA,Botswana,BWA,South-East,,208411,159243,158896,,Gaborone,,,,
129,POINT (149.1290262 -35.2830285),Admin-0 capital,Canberra,,,Canberra,,Australia,AUS,Australia,AUS,Australian Capital Territory,,327700,234032,0,,Canberra,,,,
130,POINT (-1.5266696 12.3722618),Admin-0 capital,Ouagadougou,,,Ouagadougou,,Burkina Faso,BFA,Burkina Faso,BFA,Kadiogo,,1149000,835457,713874,Ouagadougou,Ouagadougou,,,,
131,POINT (18.3830017 43.8500224),Admin-0 capital,Sarajevo,,,Sarajevo,,Bosnia and Herzegovina,BIH,Bosnia and Herzegovina,BIH,Sarajevo,,696731,628902,627065,,Sarajevo,,,,
132,POINT (96.1166727 19.7685029),Admin-0 capital,Naypyidaw,,Nay Pyi Taw,Naypyidaw,,Myanmar,MMR,Myanmar,MMR,Mandalay,,930000,194824,0,Nay Pyi Taw,Naypyidaw,,,,
133,POINT (-175.2205645 -21.1385124),Admin-0 capital,Nukualofa,,,Nukualofa,,Tonga,TON,Tonga,TON,,,42620,23658,42620,,Nukualofa,,,,
134,POINT (44.06531 9.5600224),Admin-0 capital,Hargeysa,,,Hargeysa,,Somaliland,SOL,Somaliland,SOL,,,477876,247018,247018,,Hargeysa,,,,
135,POINT (55.4499898 -4.6166317),Admin-0 capital,Victoria,,,Victoria,,Seychelles,SYC,Seychelles,SYC,,,33576,22881,33737,,Victoria4,,,,
136,POINT (6.7333252 0.3334021),Admin-0 capital,São Tomé,,,Sao Tome,,Sao Tome and Principe,STP,Sao Tome and Principe,STP,,,88219,56166,88219,,Sao Tome,,,,
137,POINT (-171.7386416 -13.841545),Admin-0 capital,Apia,,,Apia,,Samoa,WSM,Samoa,WSM,,,61916,37708,0,,Apia,,,,
138,POINT (14.5147107 35.8997325),Admin-0 capital,Valletta,,,Valletta,,Malta,MLT,Malta,MLT,,,368250,6966,336174,,Valletta,,,,
139,POINT (73.4999475 4.1667082),Admin-0 capital,Malé,,,Male,,Maldives,MDV,Maldives,MDV,,,112927,103693,0,,Male,,,,
140,POINT (35.2066259 31.7784078),Admin-0 capital,Jerusalem,,,Jerusalem,De facto capita,Israel,IS1,Israel,ISR,Jerusalem,,1029300,801000,1072567,,Jerusalem,,,,
141,POINT (-23.5166889 14.916698),Admin-0 capital,Praia,,,Praia,,Cape Verde,CPV,Cape Verde,CPV,,,113364,88859,89205,,Praia,,,,
142,POINT (-77.3500438 25.0833901),Admin-0 capital,Nassau,,,Nassau,,"Bahamas, The",BHS,The Bahamas,BHS,,,227940,160966,0,,Nassau,,,,
143,POINT (33.3666349 35.1666765),Admin-0 capital,Nicosia,,,Nicosia,Capital of both,Cyprus,CYP,Cyprus,CYP,,,224300,200452,222985,,Nicosia,,,,
144,POINT (174.7832659 -41.2999879),Admin-0 capital,Wellington,,,Wellington,,New Zealand,NZL,New Zealand,NZL,Manawatu-Wanganui,Wellington metropolitan area,393400,393400,0,,Wellington,,,,
145,POINT (105.8480683 21.0352731),Admin-0 capital,Hanoi,,H,Hanoi,,Vietnam,VNM,Vietnam,VNM,Thái Nguyên,,4378000,1431270,5466347,Hh Noi,Hanoi,,,,
146,POINT (32.8624458 39.9291844),Admin-0 capital,Ankara,,,Ankara,,Turkey,TUR,Turkey,TUR,Ankara,,3716000,3307379,3267576,Ankara,Ankara,,,,
147,POINT (19.0813748 47.5019522),Admin-0 capital,Budapest,,,Budapest,,Hungary,HUN,Hungary,HUN,Budapest,,1679000,1679000,1718895,Budapest,Budapest,,,,
148,POINT (44.2046475 15.3566792),Admin-0 capital,Sanaa,,Sana'a',Sanaa,,Yemen,YEM,Yemen,YEM,Amanat Al Asimah,,2008000,1835853,1742507,Sana'a',Sanaa,,,,
149,POINT (26.0980008 44.4353177),Admin-0 capital,Bucharest,Bucuresti,,Bucharest,,Romania,ROU,Romania,ROU,Bucharest,,1942000,1742194,1636574,Bucuresti,Bucharest,,,,
150,POINT (36.29805 33.5019799),Admin-0 capital,Damascus,,Dimashq,Damascus,,Syria,SYR,Syria,SYR,Damascus,,2466000,2466000,3344577,Dimashq,Damascus,,,,
151,POINT (-9.1468122 38.7246687),Admin-0 capital,Lisbon,Lisboa,,Lisbon,,Portugal,PRT,Portugal,PRT,Lisboa,,2812000,517802,1795582,Lisboa,Lisbon,,,,
152,POINT (32.5322334 15.5900241),Admin-0 capital,Khartoum,,Al-Khartum,Khartoum,,Sudan,SDN,Sudan,SDN,Khartoum,,4754000,1974647,2325931,Al-Khartum,Khartoum,,,,
153,POINT (10.7480333 59.9186361),Admin-0 capital,Oslo,,,Oslo,,Kingdom of Norway,NOR,Norway,NOR,Oslo,,835000,580000,701804,Oslo,Oslo,,,,
154,POINT (21.0053467377423 52.2308719735395),Admin-0 capital,Warsaw,Warszawa,,Warsaw,,Poland,POL,Poland,POL,Masovian,,1707000,1702139,2012431,Warszawa,Warsaw,,,,
155,POINT (125.7527449 39.0213846),Admin-0 capital,Pyongyang,,P'yongyang,Pyongyang,,"Korea, North",PRK,North Korea,PRK,P'yongyang,,3300000,2498797,2483216,P'yongyang,Pyongyang,,,,
156,POINT (39.266396 -6.7980667),Admin-0 capital,Dar es Salaam,,,Dar es Salaam,De facto capita,United Republic of Tanzania,TZA,Tanzania,TZA,Dar-Es-Salaam,,2930000,2698652,2757835,Dar es Salaam,Dar es Salaam,,,,
157,POINT (-6.25697951728113 53.3467312489831),Admin-0 capital,Dublin,,,Dublin,,Ireland,IRL,Ireland,IRL,Dublin,,1059000,968976,22478,Dublin,Dublin2,,,,
158,POINT (-10.7996604 6.3145816),Admin-0 capital,Monrovia,,,Monrovia,,Liberia,LBR,Liberia,LBR,Montserrado,,1041000,785662,806416,Monrovia,Monrovia,,,,
159,POINT (101.6980374 3.1686117),Admin-0 capital,Kuala Lumpur,,,Kuala Lumpur,Official and le,Malaysia,MYS,Malaysia,MYS,Selangor,,1448000,1448000,2667990,Kuala Lumpur,Kuala Lumpur,,,,
160,POINT (-82.366128 23.1339047),Admin-0 capital,Havana,,La Habana,Havana,,Cuba,CUB,Cuba,CUB,Ciudad de la Habana,,2174000,1990917,1930305,La Habana,Havana,,,,
161,POINT (14.4640339 50.0852829),Admin-0 capital,Prague,Praha,,Prague,,Czechia,CZE,Czechia,CZE,Prague,,1162000,2087,1088042,Praha,Prague,,,,
162,POINT (47.9763553 29.3716635),Admin-0 capital,Kuwait City,,Al Kuwayt|Kuwait,Kuwait City,,Kuwait,KWT,Kuwait,KWT,Al Kuwayt,,2063000,60064,1682968,Al Kuwayt (Kuwait City),Kuwait,,,,
163,POINT (-69.9020309 18.4720187),Admin-0 capital,Santo Domingo,,,Santo Domingo,,Dominican Republic,DOM,Dominican Republic,DOM,Distrito Nacional,,2154000,2873,3322037,Santo Domingo,Santo Domingo,,,,
164,POINT (-0.2186616 5.5519805),Admin-0 capital,Accra,,,Accra,,Ghana,GHA,Ghana,GHA,Greater Accra,,2121000,1963264,2334371,Accra,Accra,,,,
165,POINT (13.1800118 32.8925),Admin-0 capital,Tripoli,,,Tripoli,,Libya,LBY,Libya,LBY,Tajura' wa an Nawahi al Arba,,2189000,229398,1149981,Tarabulus,Tripoli1,,,,
166,POINT (34.7680659 32.0819373),Admin-0 capital alt,Tel Aviv-Yafo,,Tel Aviv-Jaffa,Tel Aviv-Yafo,While Jerulsale,Israel,IS1,Israel,ISR,Tel Aviv,,3112000,378358,2306851,Tel Aviv-Yafo,Tel Aviv-Yafo,,,,
167,POINT (24.932456915044 60.1638038494857),Admin-0 capital,Helsinki,,,Helsinki,,Finland,FIN,Finland,FIN,Southern Finland,,1115000,558457,762958,Helsinki,Helsinki,,,,
168,POINT (12.5615399 55.68051),Admin-0 capital,København,Copenhagen,,Kobenhavn,,Denmark,DNK,Denmark,DNK,Hovedstaden,,1085000,1085000,1038288,K,Copenhagen,2021-04-16,2021-04-16T10:15:59,2022-04-16T10:16:06,1
169,POINT (-4.0419941 5.3219428),Admin-0 capital,Abidjan,,,Abidjan,"De facto, admin",Ivory Coast,CIV,Ivory Coast,CIV,Lagunes,,3802000,3190395,3181637,Abidjan,Abidjan,,,,
170,POINT (-47.9179981 -15.7813944),Admin-0 capital,Brasília,,Brasilia,Brasilia,,Brazil,BRA,Brazil,BRA,Distrito Federal,,3716996,2562963,1772679,Brasglia,Brasilia,,,,
171,POINT (4.3313707 50.8352629),Admin-0 capital,Brussels,,Bruxelles-Brussel,Brussels,,Belgium,BEL,Belgium,BEL,Brussels,,1743000,1019022,1490164,Bruxelles-Brussel,Brussels,,,,
172,POINT (90.4066336 23.7250056),Admin-0 capital,Dhaka,,,Dhaka,,Bangladesh,BGD,Bangladesh,BGD,Dhaka,,12797394,7000940,14995538,Dhaka,Dhaka,,,,
173,POINT (13.2324812 -8.8363403),Admin-0 capital,Luanda,,,Luanda,,Angola,AGO,Angola,AGO,Luanda,,5172900,1951272,1951272,Luanda,Luanda,,,,
174,POINT (3.0486067 36.7650107),Admin-0 capital,Algiers,,El Djazacr,Algiers,,Algeria,DZA,Algeria,DZA,Alger,,3354000,1977663,3332619,El Djazasr,Algiers,,,,
175,POINT (96.1647318 16.7853),Admin-0 capital,Rangoon,,Yangon,Rangoon,Former capital,Myanmar,MMR,Myanmar,MMR,Yangon,,4088000,3301820,3124090,Yangon,Rangoon,,,,
176,POINT (-122.399599563046 37.7842626515279),Populated place,San Francisco,,San Francisco-Oakland,San Francisco,,United States,USA,United States of America,USA,California,,3450000,732072,27400,San Francisco-Oakland,San Francisco1,,,,
177,POINT (-104.9859618 39.7411339),Admin-1 capital,Denver,,Denver-Aurora,Denver,,United States,USA,United States of America,USA,Colorado,,2313000,1548599,1521278,Denver-Aurora,Denver,,,,
178,POINT (-95.3484362567222 29.7412728318625),Populated place,Houston,,,Houston,,United States,USA,United States of America,USA,Texas,,4459000,3647574,3607616,Houston,Houston,,,,
179,POINT (-80.2260519 25.7895566),Populated place,Miami,,,Miami,,United States,USA,United States of America,USA,Florida,,5585000,382894,1037811,Miami,Miami,,,,
180,POINT (-84.3676418657139 33.7394572837835),Admin-1 capital,Atlanta,,,Atlanta,,United States,USA,United States of America,USA,Georgia,,4506000,422908,2874096,Atlanta,Atlanta,,,,
181,POINT (-87.6352365532234 41.8479612833641),Populated place,Chicago,,,Chicago,,United States,USA,United States of America,USA,Illinois,,8990000,2841952,3635101,Chicago,Chicago,,,,
182,POINT (-66.9189831 10.5029444),Admin-0 capital,Caracas,,,Caracas,,Venezuela,VEN,Venezuela,VEN,Distrito Capital,,2985000,1815679,2764555,Caracas,Caracas,,,,
183,POINT (30.5146821 50.4353132),Admin-0 capital,Kiev,,Kyiv,Kiev,,Ukraine,UKR,Ukraine,UKR,Kiev,,2709000,1662508,1611692,Kyiv,Kiev,,,,
184,POINT (55.2780285 25.231942),Admin-1 capital,Dubai,Dubayy,,Dubai,,United Arab Emirates,ARE,United Arab Emirates,ARE,Dubay,,1379000,1137347,1166878,Dubayy,Dubayy,,,,
185,POINT (69.292987 41.3136477),Admin-0 capital,Tashkent,,,Tashkent,,Uzbekistan,UZB,Uzbekistan,UZB,Tashkent,,2184000,1978028,2806287,Tashkent,Tashkent,,,,
186,POINT (-3.6852975 40.4019721),Admin-0 capital,Madrid,,,Madrid,,Kingdom of Spain,ESP,Spain,ESP,Comunidad de Madrid,,5567000,50437,3673427,Madrid,Madrid,,,,
187,POINT (6.140028 46.2100075),Admin-1 capital,Geneva,,,Geneva,,Switzerland,CHE,Switzerland,CHE,Genève,,1240000,192385,508284,,Geneva,,,,
188,POINT (18.0663001685345 59.3241272040075),Admin-0 capital,Stockholm,,,Stockholm,,Sweden,SWE,Sweden,SWE,Stockholm,,1264000,1253309,0,Stockholm,Stockholm,,,,
189,POINT (100.5146988 13.7519451),Admin-0 capital,Bangkok,,Krung Thep,Bangkok,,Thailand,THA,Thailand,THA,Bangkok Metropolis,,6704000,5104476,5082758,Krung Thep,Bangkok,,,,
190,POINT (-77.052008 -12.0460668),Admin-0 capital,Lima,,,Lima,,Peru,PER,Peru,PER,Lima,,8012000,6758234,6068380,Lima,Lima2,,,,
191,POINT (-17.475076 14.7177776),Admin-0 capital,Dakar,,,Dakar,,Senegal,SEN,Senegal,SEN,Dakar,,2604000,2476400,2470140,Dakar,Dakar,,,,
192,POINT (28.0280639 -26.1680989),Admin-0 capital,Johannesburg,,,Johannesburg,,South Africa,ZAF,South Africa,ZAF,Gauteng,,3435000,2026469,3852246,Johannesburg,Johannesburg,,,,
193,POINT (4.9146943 52.3519145),Admin-0 capital,Amsterdam,,,Amsterdam,De facto capita,Kingdom of the Netherlands,NLD,Netherlands,NLD,Noord-Holland,,1031000,741636,962488,Amsterdam,Amsterdam,,,,
194,POINT (-7.6183133 33.6019221),Admin-1 capital,Casablanca,,Dar-el-Beida,Casablanca,,Morocco,MAR,Morocco,MAR,Grand Casablanca,,3181000,3144909,3718797,Dar-el-Beida,Casablanca,,,,
195,POINT (126.9977851 37.568295),Admin-0 capital,Seoul,,,Seoul,,"Korea, South",KOR,South Korea,KOR,Seoul,,9796000,9796000,12018058,Seoul,Seoul,,,,
196,POINT (120.9802713 14.6061048),Admin-0 capital,Manila,,,Manila,"Official, de fa",Philippines,PHL,Philippines,PHL,Metropolitan Manila,,11100000,3077575,2381280,Manila,Manila,,,,
197,POINT (-100.3319306 25.671941),Admin-1 capital,Monterrey,,,Monterrey,,Mexico,MEX,Mexico,MEX,Nuevo León,,3712000,1122874,3225636,Monterrey,Monterrey,,,,
198,POINT (13.3996028 52.5237645),Admin-0 capital,Berlin,,,Berlin,,Germany,DEU,Germany,DEU,Berlin,,3406000,3094014,3013258,Berlin,Berlin,2023-04-16,2022-04-16T10:13:19,2024-02-22T09:37:52,1
199,POINT (87.5730598 43.8069581),Admin-1 capital,Ürümqi,,rumqi|Wulumqi,Urumqi,,China,CHN,China,CHN,Xinjiang Uygur,,3575000,1508225,2044401,Cramqi (Wulumqi),Urumqi,,,,
200,POINT (104.0680736 30.6719459),Admin-1 capital,Chengdu,,,Chengdu,,China,CHN,China,CHN,Sichuan,,4123000,3950437,11622929,Chengdu,Chengdu,,,,
201,POINT (135.458199 34.7519811),Admin-1 region capital,Ōsaka,,Osaka-Kobe,Osaka,,Japan,JPN,Japan,JPN,Osaka,,11294000,2592413,9630783,Osaka-Kobe,Osaka,,,,
202,POINT (15.313026 -4.3277782),Admin-0 capital,Kinshasa,,,Kinshasa,,Congo (Kinshasa),COD,Congo (Kinshasa),COD,Kinshasa City,,7843000,5565703,4738154,Kinshasa,Kinshasa,,,,
203,POINT (77.19998 28.600023),Admin-0 capital,New Delhi,,,New Delhi,,India,IND,India,IND,Delhi,,317797,317797,8060107,,New Delhi,,,,
204,POINT (77.5580639 12.971941),Admin-1 capital,Bengaluru,Bangalore,,Bengaluru,,India,IND,India,IND,Karnataka,,6787000,5104047,8102712,Bangalore,Bangalore,,,,
205,POINT (23.7313752 37.9852721),Admin-0 capital,Athens,Athenai,Athinai,Athens,,Greece,GRC,Greece,GRC,Attiki,,3242000,729137,112572,Athnnai,Athens2,2022-04-16,2022-04-16T10:15:10,2022-12-16T10:14:53,0
206,POINT (44.3919229 33.3405944),Admin-0 capital,Baghdad,,,Baghdad,,Iraq,IRQ,Iraq,IRQ,Baghdad,,5054000,5054000,4959534,Baghdad,Baghdad,,,,
207,POINT (38.6980586 9.0352562),Admin-0 capital,Addis Ababa,,,Addis Ababa,,Ethiopia,ETH,Ethiopia,ETH,Addis Ababa,,3100000,2757729,3013653,Addis Ababa,Addis Ababa,,,,
208,POINT (51.4223982 35.6738886),Admin-0 capital,Tehran,,,Tehran,,Iran,IRN,Iran,IRN,Tehran,,7873000,7153309,8209012,Tehran,Tehran,,,,
209,POINT (-123.1235901 49.2753624),Populated place,Vancouver,,,Vancouver,,Canada,CAN,Canada,CAN,British Columbia,,2313328,603502,482002,Vancouver,Vancouver2,,,,
210,POINT (-79.3894585549119 43.6646445474343),Admin-1 capital,Toronto,,,Toronto,,Canada,CAN,Canada,CAN,Ontario,,5213000,3934421,3749229,Toronto,Toronto,,,,
211,POINT (-58.4325126876643 -34.6107145913926),Admin-0 capital,Buenos Aires,,,Buenos Aires,,Argentina,ARG,Argentina,ARG,Ciudad de Buenos Aires,,12795000,10929146,10271457,Buenos Aires,Buenos Aires,,,,
212,POINT (69.1813142 34.5186361),Admin-0 capital,Kabul,,,Kabul,,Afghanistan,AFG,Afghanistan,AFG,Kabul,,3277000,3043532,3475519,Kabul,Kabul,,,,
213,POINT (16.3646931 48.2019611),Admin-0 capital,Vienna,Wien,,Vienna,,Austria,AUT,Austria,AUT,Wien,,2400000,1731000,1480886,Wien,Vienna,,,,
214,POINT (144.9730704 -37.8180855),Admin-1 capital,Melbourne,,,Melbourne,,Australia,AUS,Australia,AUS,Victoria,,4170000,93625,1805353,Melbourne,Melbourne2,,,,
215,POINT (121.5683333 25.0358333),Admin-0 capital,Taipei,,,Taipei,,Taiwan,TWN,Taiwan,TWN,Taipei City,,6900273,2618772,5698241,Taipei,Taipei,,,,
216,POINT (174.763027 -36.8480549),Admin-1 capital,Auckland,,,Auckland,,New Zealand,NZL,New Zealand,NZL,Auckland,Auckland metropolitan area,1377200,395982,0,Auckland,Auckland,,,,
217,POINT (-118.231986472233 34.0492192603371),Populated place,Los Angeles,,Los Angeles-Long Beach-Santa Ana,Los Angeles,,United States,USA,United States of America,USA,California,,12500000,3694820,142265,Los Angeles-Long Beach-Santa Ana,Los Angeles1,,,,
218,POINT (-77.0113644 38.9014952),Admin-0 capital,"Washington, D.C.",,Washington D.C.,"Washington, D.C.",,United States,USA,United States of America,USA,District of Columbia,,4338000,552433,2175991,"Washington, D.C.","Washington, D.C.",,,,
219,POINT (-73.995717543617 40.7215617497277),Populated place,New York,,New York-Newark,New York,UN Headquarters,United States,USA,United States of America,USA,New York,,19040000,8008278,9292603,New York-Newark,New York,,,,
220,POINT (-0.1186677 51.5019406),Admin-0 capital,London,,,London,,United Kingdom,GBR,United Kingdom,GBR,Westminster,,8567000,7421209,326670,London,London2,,,,
221,POINT (29.0080557 41.106942),Admin-1 capital,Istanbul,,,Istanbul,,Turkey,TUR,Turkey,TUR,Istanbul,,10061000,9945610,9651488,Istanbul,Istanbul,,,,
222,POINT (46.7707958 24.642779),Admin-0 capital,Riyadh,,Ar-Riyadh,Riyadh,,Saudi Arabia,SAU,Saudi Arabia,SAU,Ar Riyad,,4465000,4205961,5148778,Ar-Riyadh,Riyadh,,,,
223,POINT (18.4330423 -33.9180651),Admin-0 capital,Cape Town,,,Cape Town,Legislative cap,South Africa,ZAF,South Africa,ZAF,Western Cape,,3215000,2432858,2401318,Cape Town,Cape Town,,,,
224,POINT (37.613577 55.75411),Admin-0 capital,Moscow,Moskva,,Moscow,,Russia,RUS,Russia,RUS,Moskva,,10452000,10452000,10585385,Moskva,Moscow,,,,
225,POINT (-99.1329341 19.4443883),Admin-0 capital,Mexico City,,Ciudad de M,Mexico City,,Mexico,MEX,Mexico,MEX,Distrito Federal,,19028000,10811002,10018444,Ciudad de Mdxico,Mexico City,,,,
226,POINT (3.3895852 6.4452075),Admin-0 capital alt,Lagos,,,Lagos,Former capital,Nigeria,NGA,Nigeria,NGA,Lagos,,9466000,1536,6567892,Lagos,Lagos,,,,
227,POINT (12.4813126 41.8979015),Admin-0 capital,Rome,,,Rome,,Italy,ITA,Italy,ITA,Lazio,,3339000,35452,2050212,Rome,Rome,,,,
228,POINT (116.394200892606 39.9017203098627),Admin-0 capital,Beijing,,,Beijing,,China,CHN,China,CHN,Beijing,,11106000,7480601,9033231,Beijing,Beijing,,,,
229,POINT (36.814711 -1.2814009),Admin-0 capital,Nairobi,,,Nairobi,,Kenya,KEN,Kenya,KEN,Nairobi,,3010000,2750547,3400962,Nairobi,Nairobi,,,,
230,POINT (106.8274918 -6.1724718),Admin-0 capital,Jakarta,,,Jakarta,,Indonesia,IDN,Indonesia,IDN,Jakarta Raya,,9125000,8540121,9129613,Jakarta,Jakarta,,,,
231,POINT (-74.0852898 4.5983694),Admin-0 capital,Bogota,,Bogota,Bogota,,Colombia,COL,Colombia,COL,Bogota,,7772000,6333661,5754084,Bogota,Bogota,,,,
232,POINT (31.2480224 30.0519062),Admin-0 capital,Cairo,,Al-Qahirah,Cairo,,Egypt,EGY,Egypt,EGY,Al Qahirah,,11893000,7734614,13720557,Al-Qahirah,Cairo,,,,
233,POINT (121.4345588 31.2183983),Admin-1 capital,Shanghai,,,Shanghai,,China,CHN,China,CHN,Shanghai,,14987000,14608512,16803572,Shanghai,Shanghai,,,,
234,POINT (139.7494616 35.6869628),Admin-0 capital,Tokyo,,,Tokyo,De facto capita,Japan,JPN,Japan,JPN,Tokyo,,35676000,8336599,12945252,Tokyo,Tokyo,,,,
235,POINT (72.831868735553 18.9938869456963),Admin-1 capital,Mumbai,Bombay,,Mumbai,,India,IND,India,IND,Maharashtra,,18978000,12691836,12426085,Mumbai,Mumbai,,,,
236,POINT (2.35299246153921 48.8580923162691),Admin-0 capital,Paris,,,Paris,,French Republic,FRA,France,FRA,Île-de-France,,9904000,11177,7142744,Paris,Paris,,,,
237,POINT (-70.6689867 -33.448068),Admin-0 capital,Santiago,,,Santiago,"Official, admin",Chile,CHL,Chile,CHL,Región Metropolitana de Santiago,,5720000,46611,3066651,Santiago,Santiago3,,,,
238,POINT (88.3691255044389 22.5695788837958),Admin-1 capital,Kolkata,Calcutta,,Kolkata,,India,IND,India,IND,West Bengal,,14787000,4631392,7783716,Kolkata,Calcutta,,,,
239,POINT (-43.2121174668344 -22.9073080568824),Admin-1 capital,Rio de Janeiro,,,Rio de Janeiro,,Brazil,BRA,Brazil,BRA,Rio de Janeiro,,11748000,2010175,1821489,Rio de Janeiro,Rio de Janeiro,,,,
240,POINT (-46.6269658 -23.5567337),Admin-1 capital,São Paulo,,Sao Paulo|Sio Paulo,Sao Paulo,,Brazil,BRA,Brazil,BRA,São Paulo,,18845000,10021295,11522944,S,Sao Paolo,,,,
241,POINT (151.183234 -33.9180651),Admin-1 capital,Sydney,,,Sydney,,Australia,AUS,Australia,AUS,New South Wales,,4630000,3641422,2669348,Sydney,Sydney1,,,,
242,POINT (103.8538748 1.2949793),Admin-0 capital,Singapore,,,Singapore,,Singapore,SGP,Singapore,SGP,,,5183700,3289529,3314179,Singapore,Singapore,,,,
243,POINT (114.1830635 22.3069268),Admin-0 region capital,Hong Kong,,,Hong Kong,,China,CHN,Hong Kong S.A.R.,HKG,,,7206000,4551579,4549026,Hong Kong,Hong Kong,,,,
